id_artist	id_subgroup	startyear	endyear	roles
4	29	2009	0	
8	1268	2013	2013	
12	40	2013	0	R
13	796	2015	2015	
13	1412	2016	2016	
13	1423	2021	2021	
15	65	2009	2016	R
15	161	2016	2016	
15	1067	2018	0	
20	1242	2018	2018	
23	1173	2018	0	
25	61	2011	0	V
25	115	2016	0	
25	182	2017	0	
25	192	2016	0	
25	647	2018	0	
25	785	2016	2016	
25	955	2021	2021	
25	1021	2021	0	
25	1350	2021	2021	
25	62	2016	0	VRD
25	373	2012	0	V
25	526	2019	0	VL
28	29	2009	0	
33	1451	2022	0	VDL
36	1240	2021	2021	
41	1438	2014	2014	
41	61	2011	0	V
41	42	2016	0	
41	530	2016	2016	
41	545	2017	0	
41	785	2016	2016	
41	1333	2017	2017	
41	1405	2017	2017	
41	62	2016	0	VM
41	64	2012	2016	V
43	16	2012	2017	VI
43	248	2013	2016	VI
44	4	2009	2017	RDL
49	1223	2020	2020	
49	2913	2015	2015	
53	116	2016	0	
53	194	2011	2013	
53	754	2009	2012	
58	59	2017	0	
58	216	2016	2016	
58	657	2017	0	
61	497	2016	2016	
66	99	2012	2012	VRD
68	28	2006	0	VRL
68	73	2014	0	R
68	74	2010	0	R
70	37	2006	0	VDM
71	131	2002	0	V
71	72	2014	0	
78	2909	2009	2009	
82	117	2007	2016	VD
83	1242	2018	2018	
84	299	2016	0	
84	191	2008	2018	VRm
84	1442	2012	2012	
88	174	2010	2017	VRDL
88	89	2015	0	
88	90	2014	0	
88	91	2015	0	
88	227	2017	2017	
88	301	2017	0	
88	833	2016	2016	
88	1278	2021	2021	
88	175	2011	2017	VRL
92	2647	2020	0	VR
93	7	2009	2016	R
93	250	2017	2018	VRL
93	205	2011	2014	VR
93	219	2007	2008	VRD
93	1313	2021	0	VRD
93	159	2012	2012	
98	99	2012	2012	VL
98	100	2014	2014	
98	101	2014	0	
98	549	2010	0	
98	946	2011	0	
103	7	2009	2016	VR
103	6	2013	2013	V
104	78	2007	2014	V
105	16	2012	2020	VRIl
105	248	2013	2016	RIL
106	241	2012	2018	V
106	1404	2018	2018	
109	1438	2014	2014	
109	172	2008	2017	V
109	658	2014	0	
112	751	2020	0	
114	115	2016	0	
114	116	2016	0	
114	1247	2014	2014	
119	81	2016	2020	V
119	957	2017	2017	
119	309	2018	2020	V
119	94	2016	2017	
120	121	2015	0	
120	122	2015	0	
120	301	2017	0	
120	1336	2013	0	
123	1438	2010	2010	
123	189	2005	0	VM
123	696	2006	0	V
123	191	2008	0	VM
124	32	2011	0	VR
127	61	2011	0	VRD
127	127	2016	0	
127	1264	2019	2019	
127	64	2012	2016	VD
128	85	2014	2014	
129	688	2020	0	L
129	659	2020	2020	V
133	1285	2014	2014	
134	887	2020	2020	
135	65	2009	2016	VD
135	161	2016	2016	
135	801	2017	2017	
135	1067	2018	0	
135	2989	2013	0	
136	336	2014	0	
137	724	2016	2016	
137	948	2013	0	
137	1272	2021	0	
137	2904	2015	0	
138	1246	2014	2014	
138	1247	2014	2014	
139	1438	2014	2014	
139	207	2003	0	VRDM
139	2912	2014	2014	V
141	77	2010	2019	V
143	1240	2021	2021	
145	9	2010	2016	Vl
145	810	2017	2017	VL
145	2590	2022	0	VL
145	2591	2021	2021	VL
148	1264	2019	2019	
149	1352	2018	2018	
151	1237	2012	2012	
152	1173	2018	0	
153	1237	2012	2012	
154	4	2009	2017	V
158	159	2012	2012	
158	160	2014	2014	
158	263	2017	0	R
166	189	2005	0	V
166	696	2006	0	V
166	191	2008	0	V
166	2989	2013	0	
167	997	2014	2016	
167	2904	2015	0	
169	78	2007	2022	VM
169	79	2012	2017	VM
169	223	2016	2016	
170	28	2006	2019	VDm
171	796	2015	2015	
171	1343	2017	2017	
174	1112	2010	2010	
178	75	2012	0	
178	174	2010	2017	V
178	179	2015	0	
178	180	2014	2014	
178	181	2015	2015	
178	182	2017	0	
178	278	2017	0	
178	299	2016	0	
178	300	2015	0	
178	839	2021	2021	
178	486	2019	0	
178	948	2013	0	
178	1466	2022	2022	
178	2587	2022	2022	V
183	1268	2013	2013	
187	51	2011	2017	VM
189	1368	2017	2017	
189	2909	2009	2009	
193	194	2011	2013	
193	754	2009	2012	
193	930	2012	2012	
193	1268	2013	2013	
193	748	2009	0	
196	74	2010	0	VR
196	28	2006	0	VR
197	57	2003	0	VRL
197	644	2014	0	
198	172	2008	0	VM
198	1442	2012	2012	
198	526	2019	0	VD
199	73	2014	0	V
199	28	2006	0	VD
199	263	2017	0	VD
199	644	2014	0	V
200	1438	2014	2014	V
200	79	2012	2017	VL
200	1451	2022	0	V
200	78	2007	2022	VL
200	329	2017	0	VL
200	324	2018	0	
200	658	2014	0	
200	817	2020	0	
204	78	2007	2022	V
204	79	2012	2017	V
211	207	2003	0	VRDL
220	1438	2014	2014	
220	189	2005	0	V
220	400	2018	0	
220	922	2019	2019	
220	696	2006	0	V
220	749	2008	0	V
221	66	2012	2018	VRDM
225	91	2015	0	
225	32	2011	0	VRL
225	652	2020	0	
225	653	2016	0	
225	1338	2020	0	
226	2913	2015	2015	
228	4	2009	2017	VRM
231	42	2016	0	
231	830	2020	2020	
235	295	2018	2018	V
235	254	2017	0	
240	168	2009	2018	V
240	556	2015	0	
242	241	2012	2018	V
242	1076	2018	0	
247	96	2010	0	VR
247	376	2014	0	VL
249	37	2006	0	VL
251	219	2007	2013	VD
253	1451	2022	0	RD
253	78	2007	2022	RD
253	329	2017	0	RD
253	1150	2016	2016	RD
253	1442	2012	2012	
253	368	2018	2018	R
255	18	2011	0	V
255	386	2012	2012	V
255	483	2019	2019	V
256	688	2020	0	R
259	751	2020	0	
259	1240	2021	2021	
259	659	2020	2020	R
260	96	2010	0	VL
261	111	2010	2021	VD
261	207	2003	2010	VD
262	1515	2017	2017	
262	2822	2020	2020	V
264	40	2013	0	RL
268	219	2007	2017	VDI
271	1242	2018	2018	
273	176	2016	0	
273	138	2014	0	VL
273	801	2017	2017	
273	1261	2015	2015	
273	1262	2021	0	
273	1368	2017	2017	
273	1429	2020	2020	
276	292	2018	0	RL
276	335	2018	2018	R
277	1306	2015	2015	
280	1340	2020	2020	
281	192	2016	0	
281	142	2010	2017	VM
281	448	2017	0	
285	892	2018	2018	
287	122	2015	0	
287	144	2016	0	
287	138	2014	0	VRM
287	429	2018	0	
287	688	2020	0	M
289	118	2016	0	
289	176	2016	0	
289	138	2014	0	VD
289	1423	2021	2021	
289	2768	2016	0	V
290	324	2018	0	
291	310	2017	0	
296	144	2016	0	
296	294	2018	0	
296	138	2014	0	RD
296	1262	2021	0	
296	1348	2021	2021	
302	1343	2017	2017	
303	219	2007	2017	VRI
304	444	2016	0	
306	76	2015	2021	V
307	9	2010	2016	VD
307	398	2018	2018	V
307	399	2017	2017	V
307	1153	2018	2018	V
307	10	2016	2019	VD
307	147	2014	2014	V
311	310	2017	0	
312	94	2016	2017	
312	335	2018	0	
312	400	2018	0	
312	591	2020	0	
312	1131	2021	2021	
312	1511	2019	2019	
317	633	2020	0	
317	1238	2021	2021	
319	887	2020	2020	
322	1276	2021	0	
333	78	2007	2022	V
333	329	2017	0	V
333	223	2016	2016	
337	839	2021	2021	
343	754	2009	2012	
345	700	2013	0	
350	932	1997	0	
350	1522	2009	2009	
351	185	2005	2010	VRM
351	326	2016	0	RM
356	533	2019	0	
357	185	2005	2010	V
357	326	2016	0	V
361	172	2008	0	V
361	2992	2016	0	V
361	2993	2012	0	V
362	1451	2022	0	V
362	216	2016	2016	
362	165	2014	0	V
362	832	2018	2018	
362	1338	2020	0	
363	185	2005	2010	VRDL
366	31	2016	0	VR
369	278	2017	0	
369	549	2010	0	
370	2587	2022	2022	V
377	72	2014	0	
378	342	2003	0	
379	217	2014	0	VR
379	653	2016	0	
379	1332	2016	0	VR
381	1261	2015	2015	
384	545	2017	0	
388	5	2008	2010	VDl
388	793	2017	2017	
388	1029	2020	2020	
388	1271	2021	2021	
388	1484	2021	0	
390	386	2012	0	
392	172	2008	0	VL
392	986	2017	2017	
392	1089	2016	2016	
392	1346	2021	2021	
392	1419	2021	2021	
393	165	2014	0	VR
393	1257	2018	2018	
394	40	2013	0	VRD
394	2819	2015	0	R
401	252	2017	2021	VDL
401	2579	2022	0	VDL
402	193	2009	0	VDM
402	195	2013	0	VD
404	86	2017	0	
404	26	2009	2016	R
406	591	2020	0	
406	818	2020	0	
408	96	2010	0	VD
409	86	2017	0	
409	26	2009	2016	V
411	232	2016	2019	V
412	603	2011	2017	
412	232	2016	2017	VM
416	27	2013	2018	VRL
417	1529	2016	2016	
417	1530	2015	2015	
419	336	2014	0	
419	215	2012	0	V
419	269	2015	0	VL
420	38	2012	2020	VR
421	1310	2021	2021	
422	1337	2019	2019	
423	2589	2022	2022	V
425	181	2015	2015	
425	222	2016	2016	
425	483	2019	0	
425	1333	2017	2017	
427	544	2019	0	
427	832	2018	2018	
427	833	2016	2016	
427	1157	2018	2018	
428	429	2018	0	
428	527	2016	2016	
428	647	2018	0	
428	648	2018	0	
428	649	2016	0	
428	655	2017	0	
428	1172	2021	0	
428	1180	2021	0	
428	1484	2021	0	
430	651	2015	0	
432	446	2018	0	
432	1029	2020	2020	
433	527	2016	2016	
433	530	2016	2016	
433	531	2016	2016	
433	533	2019	0	
433	830	2020	2020	
433	1272	2021	0	
433	1419	2021	2021	
434	450	2000	0	
436	733	2019	0	
437	927	2017	2017	
438	444	2016	0	
443	2566	2020	0	V
445	446	2018	0	
447	448	2017	0	
449	1320	2013	2013	
453	78	2007	2022	V
453	329	2017	0	VM
453	222	2016	2016	
453	488	2018	0	
454	1066	2018	0	
456	193	2009	0	VRD
456	195	2013	0	V
460	1166	2021	2021	
461	395	2014	2021	
461	265	2017	2019	V
462	265	2017	2019	VL
463	1240	2021	2021	
463	1287	2020	2021	
464	1173	2018	0	
466	165	2014	0	VRM
466	1352	2018	2018	
468	257	2011	2013	V
470	1429	2020	2020	
471	172	2008	0	VR
475	151	2012	2022	V
475	265	2017	2019	V
476	265	2017	2019	VRD
477	180	2014	2014	
480	795	2016	0	VR
480	118	2016	0	
480	189	2005	0	VR
480	1146	2007	0	R
480	2767	2011	0	VR
480	2769	2019	0	V
484	53	2008	0	V
487	1344	2020	2020	
490	265	2017	2019	V
490	1181	2020	2020	
491	544	2019	0	
491	724	2016	2016	
492	59	2017	0	
492	94	2016	2017	
493	300	2015	0	
495	860	2018	2018	
496	168	2009	2018	VRD
500	50	2016	0	
500	61	2011	0	V
500	650	2016	0	
500	373	2012	0	V
502	61	2011	0	VR
502	785	2016	2016	
502	1255	2017	2017	
502	62	2016	0	VRDL
502	64	2012	2016	VD
504	714	2016	0	VRDL
504	901	2017	2017	
504	2585	2022	0	
504	148	2016	0	VRDL
504	150	2016	0	VRD
504	526	2019	0	VRD
507	506	2015	0	
511	265	2017	2019	VRD
511	652	2020	0	
511	2583	2021	0	V
515	968	2020	2020	
516	111	2010	0	V
516	207	2003	2010	V
519	275	2017	0	VIL
520	217	2014	0	V
523	818	2020	0	
523	1580	2022	2022	V
525	1276	2021	0	
532	65	2009	2016	VR
534	1466	2022	2022	
536	250	2017	2018	RM
536	280	2016	2018	RD
536	1313	2021	0	VRD
541	274	2017	2018	VDM
548	60	2012	2020	VL
550	227	2017	2017	
550	1284	2019	2019	
550	1350	2021	2021	
551	9	2010	2014	Vl
555	556	2015	0	
557	265	2017	2019	VD
559	96	2010	0	RD
559	97	2013	2017	VRD
570	2	2012	2019	RD
574	1253	2021	0	
575	5	2008	0	VR
576	53	2008	0	V
577	319	2017	0	
579	22	2012	2019	V
581	22	2012	2019	V
583	531	2016	2016	
583	61	2011	0	VR
583	798	2020	2020	
583	924	2018	2018	
583	373	2012	0	VR
583	505	2019	0	VR
584	265	2017	2019	VD
585	1163	2021	0	
586	1066	2018	0	
587	1437	2016	2016	
590	254	2017	0	
592	56	2014	0	V
597	384	2004	0	
598	193	2009	0	VR
598	195	2013	0	V
601	524	2018	0	
605	925	2018	0	
605	1348	2021	2021	
605	1417	2021	2021	
606	486	2019	0	
606	1337	2019	2019	
607	40	2013	0	VD
607	2819	2015	0	V
608	1438	2014	2014	
608	191	2008	0	V
609	2566	2020	0	V
612	61	2011	0	VL
612	836	2017	2017	
612	1084	2018	2018	
612	1405	2017	2017	
612	373	2012	0	VL
613	933	2002	0	
613	1280	2019	0	V
617	38	2012	0	VM
617	39	2016	0	VM
619	219	2007	2017	VIL
623	38	2012	0	VRD
623	706	2020	0	R
624	38	2012	0	VL
624	39	2016	0	VL
624	706	2020	0	VL
625	38	2012	0	V
625	39	2016	0	V
625	706	2020	0	V
626	38	2012	0	VD
626	39	2016	0	VD
627	38	2012	0	VR
627	706	2020	0	RM
631	134	2014	2021	V
634	213	2015	0	V
636	635	2020	2022	V
639	45	2015	2021	V
642	212	2014	0	VR
645	750	2019	0	VI
646	213	2015	0	R
654	655	2017	0	
654	2566	2020	0	V
660	315	2016	0	
661	143	2014	2019	V
662	961	2021	0	
662	1606	2022	2022	
666	685	2020	0	
667	1607	2017	2017	
670	841	2020	2020	
671	522	2019	2020	
671	1344	2020	2020	
671	1581	2022	0	V
674	1417	2021	2021	
675	23	2011	0	V
676	18	2011	0	VD
677	152	2015	0	VD
681	1344	2020	2020	
691	14	2012	0	VM
691	961	2021	0	
691	85	2014	2014	
710	1072	2021	0	
711	274	2017	2018	R
712	61	2011	0	
712	1442	2012	2012	
712	373	2012	0	VRD
712	526	2019	0	VRD
716	543	2012	2015	
716	1378	2021	2021	
728	925	2018	0	
730	1171	2016	2016	
730	1219	2019	0	
730	1222	2018	2018	
730	1223	2020	2020	
730	1378	2021	2021	
731	1306	2015	2015	
732	793	2017	2017	
732	1029	2020	2020	
732	1271	2021	2021	
737	793	2017	2017	
737	1029	2020	2020	
737	1171	2016	2016	
752	714	2016	0	VRD
752	148	2016	0	VRD
752	150	2016	0	VRD
752	2911	2017	2017	V
760	633	2020	0	
760	1580	2022	2022	V
761	87	2013	2017	VR
763	27	2013	2017	RD
770	272	2017	2018	
773	1451	2022	0	VD
773	294	2018	0	
773	335	2018	0	
773	165	2014	0	VD
773	656	2020	2020	V
774	335	2018	0	
774	76	2015	2021	VD
774	1470	2022	0	VD
775	50	2016	0	
776	657	2017	0	
776	764	2019	0	
776	1238	2021	2021	
777	497	2016	2016	
777	2566	2021	0	V
777	659	2020	2020	V
779	75	2012	0	
780	89	2015	0	
780	90	2014	0	
781	89	2015	0	
781	922	2019	2019	
781	1246	2014	2014	R
781	1339	2014	2017	VL
782	91	2015	0	
783	100	2014	2014	
783	1285	2014	2014	
784	101	2014	0	
786	499	2019	0	
786	423	2002	0	
787	499	2019	0	
788	121	2015	0	
789	398	2018	0	
790	399	2017	0	
790	3	2008	2014	VRM
791	651	2015	0	
792	649	2016	0	
792	1082	2018	2018	
792	1222	2018	2018	
794	795	2016	0	VR
794	413	2003	0	VM
794	1244	2021	0	V
797	798	2020	2020	
797	1350	2021	2021	
800	60	2011	2020	VD
800	801	2017	2017	
802	804	2018	2018	
802	806	2019	2019	
803	804	2018	2018	
805	806	2019	2019	
807	648	2018	0	
809	810	2017	2017	R
809	9	2010	2016	RD
809	2591	2021	2021	R
811	179	2015	0	
811	1141	2016	2016	
812	143	2014	0	V
812	300	2015	0	
812	1139	2018	0	
813	425	2010	2017	
814	488	2018	0	
815	95	2015	0	R
815	1332	2016	0	VRM
816	817	2020	0	
819	215	2012	0	V
820	215	2012	0	VDM
821	46	2009	0	VRIL
821	823	2016	2016	
822	823	2016	2016	
822	1440	2021	2021	
828	1606	2022	2022	
831	20	2016	0	V
835	836	2017	2017	
838	331	2013	0	VR
840	54	2015	2022	VI
840	841	2020	2020	
840	1223	2020	2020	
844	143	2014	0	RM
844	848	2017	0	
844	1141	2016	2016	
845	717	2020	0	VM
845	184	2012	2017	VM
845	753	2012	2017	VM
846	143	2014	0	R
846	848	2017	0	
846	1139	2018	0	
846	1140	2020	2020	
849	87	2013	2017	DL
850	2589	2022	2022	V
851	341	2015	0	
854	165	2014	0	DL
854	656	2020	2020	VDL
857	215	2012	0	VRD
857	269	2015	0	VRM
858	5	2008	0	VD
859	1438	2010	2010	
859	280	2016	0	V
859	860	2018	2018	
859	968	2020	2020	
859	1136	2020	0	
859	1143	2016	0	V
863	688	2020	0	
871	714	2016	0	V
871	955	2021	2021	
871	957	2017	2017	
871	985	2019	2019	
871	148	2016	0	V
871	150	2016	0	V
871	2992	2016	0	V
872	31	2016	0	VD
873	126	2013	2020	V
874	934	1996	2001	V
879	1172	2021	0	
880	134	2014	2021	VD
880	1140	2020	2020	
881	134	2014	2021	VRL
881	1265	2012	2021	
882	134	2014	2021	V
883	95	2015	2019	RDl
884	224	2010	2017	V
886	224	2010	2017	V
888	208	2015	0	V
889	134	2014	2021	VR
891	892	2018	2018	
894	4	2009	2017	V
899	901	2017	2017	
900	45	2015	2021	V
905	1607	2017	2017	
908	217	2014	0	VML
909	217	2014	2017	Vm
909	1065	2017	0	
921	171	2015	0	D
923	61	2011	0	
923	924	2018	2018	
923	373	2012	0	RDM
923	505	2019	0	RDM
926	927	2017	2017	
926	1045	2019	2019	
928	868	2010	2013	
928	930	2012	2012	
929	360	2012	0	V
929	930	2012	2012	
936	1268	2013	2013	
939	650	2016	0	
942	1256	2017	2017	
949	1131	2021	2021	
954	349	2004	0	
958	714	2016	0	VRD
958	150	2016	0	VRD
958	1016	2019	0	VD
958	526	2019	0	VRD
958	2843	2021	2021	VRL
962	985	2019	2019	
962	986	2017	2017	
963	283	2017	2019	RD
964	1244	2021	0	V
965	1284	2019	2019	
967	1363	2021	2021	
976	117	2007	2014	VRD
978	1150	2016	2016	VL
978	3	2008	2014	VL
980	1537	2011	2011	
991	9	2015	2016	VM
991	10	2016	2019	VM
996	11	2009	2019	VL
996	997	2014	2016	
996	153	2010	2018	VL
998	1385	2017	2017	
999	1088	2001	0	
1002	343	2006	2011	
1003	321	1999	0	VL
1004	224	2010	2017	VDM
1005	1181	2020	2020	
1006	11	2009	2012	VRDl
1007	5	2008	0	VD
1008	5	2008	0	VL
1013	173	1998	0	V
1014	67	2007	0	VL
1014	1019	2018	2018	
1017	80	2014	0	RD
1017	1456	2017	2017	
1018	341	2015	0	
1018	1019	2018	2018	
1020	1021	2021	0	
1030	292	2018	0	VRD
1033	80	2014	0	VDL
1033	1456	2017	2017	
1033	107	2012	0	VRD
1033	473	2019	0	VD
1040	2566	2020	0	V
1044	1045	2019	2019	
1057	1059	2021	2021	
1058	1059	2021	2021	
1058	1136	2020	0	
1058	1144	2019	0	
1058	1299	2021	0	
1058	1363	2021	2021	
1058	1380	2017	0	V
1058	280	2016	0	VDM
1060	22	2012	2018	Rl
1060	1063	2011	2011	
1061	22	2012	2019	VDM
1061	1365	2021	2021	
1062	22	2012	2018	RDm
1062	1063	2011	2011	
1071	1072	2021	0	
1077	2764	2014	0	
1080	1079	1997	0	
1080	1327	2021	2021	
1081	1082	2018	2018	
1081	1089	2016	2016	
1081	2566	2020	0	V
1083	1084	2018	2018	
1085	206	1995	0	V
1085	1287	2020	2021	
1087	342	2003	0	
1090	266	1997	0	VRL
1095	1094	1992	1996	
1102	452	2019	0	
1103	452	2019	0	
1107	374	1999	0	
1108	117	2007	2016	VL
1109	117	2007	2016	V
1110	117	2008	2014	Vm
1111	1112	2010	2010	
1115	1523	2006	2006	
1116	1118	2020	2020	
1117	54	2015	0	VI
1117	1118	2020	2020	
1117	1127	2020	2020	
1120	54	2015	0	VRI
1120	1197	2021	2021	
1124	113	2016	0	RD
1125	640	2019	0	RM
1126	1127	2020	2020	
1132	80	2014	0	VD
1132	473	2019	0	VDML
1133	96	2010	2017	RD
1133	97	2013	2017	RDM
1138	80	2014	0	R
1142	250	2017	2018	VD
1142	756	2020	0	VRDL
1142	280	2016	0	VDL
1142	1143	2016	0	V
1142	1144	2019	0	
1142	1394	2021	0	VRDL
1145	280	2016	0	V
1147	189	2005	2015	VD
1147	749	2008	2015	V
1147	1146	2007	2015	V
1147	191	2011	2015	V
1151	28	2006	0	VM
1152	214	2009	0	VL
1154	325	2016	0	
1156	171	2015	0	V
1156	1157	2018	2018	
1158	1347	2021	2021	
1161	395	2014	2021	
1161	274	2017	2018	VRDL
1162	746	2017	2019	
1165	890	2018	0	VDML
1165	1166	2021	2021	
1169	1171	2016	2016	
1170	1171	2016	2016	
1175	1327	2021	2021	
1175	1489	2021	2021	
1175	1490	2021	2021	
1175	2585	2022	0	
1176	55	2015	0	V
1176	295	2018	2018	V
1177	288	2017	2019	V
1179	1180	2021	0	
1190	173	1998	0	V
1196	764	2019	0	
1196	1197	2021	2021	
1199	1194	1988	0	
1209	217	2014	0	VRD
1215	662	2019	0	
1217	2566	2020	0	V
1218	1219	2019	0	
1241	229	2015	2021	VD
1249	1346	2021	2021	
1252	1253	2021	0	
1254	150	2016	0	VRD
1254	714	2016	0	VRD
1254	1255	2017	2017	
1254	1256	2017	2017	
1254	1257	2018	2018	
1254	149	2016	0	VRDL
1254	148	2016	0	VRD
1254	526	2019	0	VRDM
1259	272	2017	2018	
1259	685	2020	0	
1267	747	2013	2019	
1270	236	2013	0	VI
1273	1347	2021	2021	
1277	174	2010	2017	VM
1277	1278	2021	2021	
1283	1284	2019	2019	
1288	142	2010	2017	VL
1292	337	2018	2021	DL
1293	337	2018	2021	VR
1296	1298	2021	0	
1296	1299	2021	0	
1296	280	2016	0	RDM
1297	562	2019	2019	RD
1297	1298	2021	0	
1297	1299	2021	0	
1297	280	2016	0	RM
1305	171	2015	0	V
1309	152	2015	0	V
1309	1310	2021	2021	
1317	31	2016	0	RDM
1319	1320	2013	2013	
1322	1321	2011	2015	VR
1324	280	2016	0	V
1334	315	2016	0	
1335	1336	2013	0	
1341	54	2015	0	VIM
1342	595	2007	0	
1345	925	2018	0	
1349	337	2018	2021	V
1353	80	2014	0	V
1353	1404	2018	2018	
1354	189	2005	0	VRD
1354	190	2011	0	
1354	191	2008	0	VR
1357	1356	1996	0	VIL
1357	1362	2016	2016	
1358	1362	2016	2016	
1359	1361	2021	2021	
1359	1362	2016	2016	
1360	1361	2021	2021	
1364	177	2014	2021	V
1364	1365	2021	2021	
1366	189	2005	0	VRD
1366	190	2011	0	
1366	1442	2012	2012	
1366	749	2008	0	R
1366	1146	2007	0	R
1366	191	2011	0	R
1367	189	2005	0	RD
1367	749	2008	0	R
1367	1146	2007	0	R
1373	364	1998	2019	
1373	1372	2020	0	
1379	1380	2017	0	VM
1379	280	2016	0	V
1382	756	2020	0	VD
1382	20	2016	0	V
1383	1458	2022	2022	
1384	1385	2017	2017	
1393	80	2014	0	R
1395	1150	2016	2016	VRDM
1395	142	2010	2017	VRD
1397	620	2019	0	
1399	292	2018	0	V
1411	1412	2016	2016	
1413	1415	2021	2021	
1413	1490	2021	2021	
1413	1491	2022	0	
1414	1415	2021	2021	
1421	40	2013	0	V
1427	3	2008	2014	VR
1428	2	2012	2017	RD
1430	510	2012	2015	
1433	208	2015	0	VD
1436	37	2006	0	R
1436	1437	2016	2016	
1439	1440	2021	2021	
1441	64	2012	2016	VD
1441	61	2011	2014	VD
1441	1442	2012	2012	
1445	1447	2017	2017	
1445	171	2015	0	D
1446	1447	2017	2017	
1446	171	2015	0	D
1448	171	2015	0	R
1448	1449	2021	0	V
1450	171	2015	0	V
1453	34	2011	2019	V
1453	1452	2021	0	V
1457	1458	2022	2022	
1459	710	2021	0	VM
1460	710	2021	0	VD
1462	337	2018	2021	VRD
1463	20	2016	0	RDL
1463	1465	2022	0	RD
1464	20	2016	0	VRD
1464	1465	2022	0	VRDM
1467	290	2015	0	V
1468	134	2014	2021	VDM
1479	20	2016	0	VD
1479	1481	2020	0	VD
1480	20	2016	0	VM
1480	1481	2020	0	VM
1482	1484	2021	0	
1483	1484	2021	0	
1483	1485	2021	2021	
1487	632	2011	2017	VRM
1488	1489	2021	2021	
1488	779	2011	0	
1488	1490	2021	2021	
1488	1491	2022	0	
1495	40	2013	0	VRDM
1497	1511	2019	2019	
1509	359	2009	2013	
1513	1091	1999	2013	
1513	331	2013	0	R
1514	1515	2017	2017	
1516	208	2015	0	VL
1517	1074	2017	0	VL
1518	1074	2017	0	RM
1518	1519	2021	2021	
1520	1074	2017	0	R
1521	1522	2009	2009	
1521	1532	2011	0	
1521	1523	2006	2006	
1526	1525	1997	0	
1527	1525	1997	0	
1528	1531	1999	0	VI
1535	1537	2011	2011	
1539	3	2008	2014	V
1539	946	2011	0	
1541	26	2009	2016	VRL
1541	86	2017	0	
1545	208	2015	0	VD
1546	208	2015	0	V
1547	208	2015	0	RD
1548	208	2015	0	R
1549	208	2015	0	R
1550	208	2015	0	VD
1551	292	2018	0	V
1552	292	2018	0	VM
1553	280	2016	0	V
1553	1394	2021	0	VRD
1554	207	2003	2010	VR
1554	111	2010	2019	VR
1555	78	2007	2022	VR
1555	329	2017	0	V
1556	78	2007	2022	VRD
1558	87	2013	2017	VRM
1558	2670	2015	0	V
1559	87	2013	2017	R
1560	87	2013	2017	V
1560	413	2010	2012	VM
1561	413	2003	0	IL
1562	413	2003	0	I
1563	413	2003	0	I
1564	413	2003	0	I
1565	413	2012	2013	V
1566	710	2021	0	VL
1567	710	2021	0	VD
1568	710	2021	0	VD
1569	710	2021	0	VR
1570	710	2021	0	VD
1571	7	2009	2016	DL
1572	7	2009	2016	V
1572	6	2013	2013	VL
1573	7	2009	2016	VDM
1574	9	2010	2016	VL
1574	10	2016	2019	VL
1574	2590	2022	0	V
1575	9	2010	2016	RD
1576	9	2015	2016	RD
1576	10	2016	2019	RD
1576	147	2014	2014	VRDM
1577	9	2010	2014	VR
1578	9	2010	2014	RD
1579	9	2010	2016	V
1579	2591	2021	2021	V
1583	1582	2022	0	VL
1584	1582	2022	0	V
1585	1582	2022	0	R
1586	1582	2022	0	V
1587	1582	2022	0	VR
1588	1582	2022	0	V
1589	1582	2022	0	D
1590	1582	2022	0	D
1591	1582	2022	0	V
1592	1582	2022	0	RM
1593	1581	2022	0	
1594	1581	2022	0	
1595	1581	2022	0	
1596	1581	2022	0	
1597	1581	2022	0	
1598	1581	2022	0	
1599	1581	2022	0	
1600	1581	2022	0	M
1601	18	2011	0	VRDL
1602	18	2011	0	RD
1603	18	2011	0	VRD
1604	18	2011	0	VRM
1605	18	2011	2013	VR
1608	27	2013	2018	VDM
1609	27	2013	2018	VDM
1610	27	2013	2017	VD
1611	1	2012	2021	LV
1612	1	2012	2021	V
1613	1	2012	2021	VR
1614	1	2012	2021	VDM
1615	1	2012	2018	lVD
1616	2	2016	0	LDV
1617	2	2020	0	
1618	2	2018	0	V
1619	2	2019	0	V
1620	2	2019	0	DM
1621	2	2012	2013	V
1622	2	2012	2015	RD
1623	2	2012	2019	V
1624	2	2012	2019	lV
1625	2	2012	2019	V
1626	2	2015	2017	DVR
1627	1321	2011	2015	Vm
1628	2	2016	2019	VD
1629	5	2008	0	RV
1630	8	2011	2014	VL
1630	55	2015	2016	Vl
1631	8	2011	2014	VR
1632	8	2011	2014	RV
1633	8	2011	2014	V
1634	8	2011	2014	DV
1635	11	2009	2019	VDR
1635	153	2010	2018	VRD
1636	11	2012	2019	VDRM
1637	11	2011	2019	V
1638	11	2010	2018	RV
1638	153	2010	2018	VRDM
1639	11	2009	2017	DRV
1640	11	2009	2016	VDl
1641	11	2009	2015	V
1642	11	2009	2009	V
1643	11	2009	2011	VR
1644	14	2012	0	VR
1645	16	2012	0	VD
1645	17	2016	2021	VD
1646	16	2012	0	VD
1647	16	2012	0	DRVM
1647	17	2016	2021	VRDM
1648	16	2012	2021	VI
1648	17	2016	2021	VL
1648	248	2013	2016	VI
1649	16	2012	2019	VRI
1649	248	2013	2016	VRIM
1650	16	2012	2016	I
1650	248	2013	2016	IM
1651	19	2015	2022	LV
1651	1700	2012	2014	VD
1652	19	2015	2022	VR
1653	19	2015	2022	VR
1654	19	2015	2022	DRV
1655	19	2015	2022	RDV
1656	19	2015	2022	VM
1657	19	2015	2016	V
1657	295	2018	2018	V
1658	396	2018	2021	RD
1659	396	2018	2020	D
1660	396	2018	0	RDM
1661	396	2018	0	
1662	396	2018	0	RD
1663	396	2018	0	V
1664	396	2018	0	RL
1665	396	2018	0	D
1666	396	2018	0	R
1667	396	2018	0	V
1669	171	2015	0	V
1670	171	2015	0	RL
1671	171	2015	0	DM
1672	171	2015	0	R
1672	1675	2021	0	VR
1673	171	2015	0	R
1673	1675	2021	0	VR
1674	171	2015	0	V
1674	1449	2021	0	V
1676	275	2017	0	VI
1677	275	2017	0	I
1678	275	2017	0	IM
1679	1356	2000	0	I
1680	1356	1996	0	I
1681	1356	1996	0	I
1682	1356	2011	0	IM
1683	1074	2017	0	V
1684	96	2010	0	V
1684	376	2014	0	VD
1685	96	2010	0	VM
1686	22	2012	2019	RL
1688	66	2012	2018	V
1689	1473	2016	2017	V
1690	61	2011	2014	R
1690	64	2012	2016	RL
1691	61	2011	2015	RD
1691	64	2012	2016	RDM
1692	206	1995	0	RD
1693	206	2015	0	RM
1694	143	2015	0	VDL
1695	143	2015	0	V
1696	143	2015	0	VRD
1696	501	2019	0	
1697	113	2016	0	RD
1698	113	2016	0	V
1698	1700	2012	2014	VD
1698	19	2015	2015	VL
1699	113	2016	0	VDM
1701	1700	2012	2014	LV
1702	1700	2012	2014	VR
1703	1700	2012	2014	RVM
1704	290	2015	0	I
1705	189	2005	0	VRL
1705	749	2008	0	V
1705	1146	2007	0	V
1705	2993	2012	0	V
1706	189	2005	2019	V
1706	749	2008	2019	
1706	1146	2007	2019	V
1707	189	2005	2009	VD
1707	191	2008	2009	Vl
1708	189	2005	0	V
1708	191	2008	0	V
1709	189	2005	2009	VR
1710	292	2018	2021	D
1711	283	2017	0	LV
1712	283	2017	0	V
1713	283	2017	0	V
1714	283	2017	0	VD
1715	283	2017	0	DV
1716	283	2017	0	V
1717	283	2017	0	V
1718	283	2017	0	DV
1719	283	2017	0	DR
1720	283	2017	0	RD
1721	283	2017	0	RDM
1722	750	2019	0	LVI
1723	750	2019	0	I
1724	750	2019	0	IM
1725	467	2019	0	VL
1726	467	2019	0	RDl
1727	467	2019	0	VD
1728	467	2019	0	D
1729	467	2019	0	RV
1730	467	2019	0	DVRM
1731	57	2003	0	I
1732	57	2003	0	RIM
1733	174	2010	2017	VRD
1733	175	2011	2017	VRM
1736	1735	2018	0	IL
1737	1735	2018	0	V
1738	1735	2018	0	I
1739	1735	2018	0	IM
1740	126	2013	2020	VDL
1741	126	2013	2020	VRM
1742	66	2012	2018	LV
1743	66	2012	2018	DV
1744	66	2012	2018	V
1745	134	2014	2021	VR
1746	134	2014	2021	DVR
1747	134	2014	2021	DV
1747	2566	2021	0	V
1748	142	2010	2017	VRD
1749	640	2019	0	LDV
1750	640	2019	0	VR
1751	640	2019	0	DV
1752	640	2019	0	V
1753	768	2018	0	LRV
1754	768	2018	0	DV
1755	768	2018	0	V
1756	768	2018	0	VR
1757	768	2018	0	V
1758	768	2018	0	DVR
1759	768	2018	0	V
1760	768	2018	0	RD
1761	768	2018	0	DCM
1762	2566	2020	0	V
1763	1339	2014	2017	R
1764	1339	2014	2017	R
1765	1339	2014	2017	RM
1766	32	2011	0	V
1767	32	2011	0	VD
1767	474	2015	0	
1768	32	2011	0	V
1769	32	2011	0	DV
1769	474	2015	0	
1770	32	2011	0	RVM
1770	474	2015	0	
1771	1408	2021	0	LD
1771	337	2018	2021	VD
1772	1408	2021	0	DR
1773	1408	2021	0	R
1774	1408	2021	0	V
1774	337	2018	2021	DM
1775	1408	2021	0	V
1776	1408	2021	0	VM
1777	463	2018	0	LR
1778	463	2018	0	V
1779	463	2018	0	V
1780	463	2018	0	V
1781	463	2018	0	V
1782	463	2018	0	R
1783	463	2018	0	V
1784	463	2018	0	MV
1785	77	2010	2019	VRDM
1786	37	2006	0	VD
1787	60	2011	2020	RD
1788	60	2011	2020	V
1789	60	2011	2020	RDM
1790	219	2007	2015	VDl
1791	219	2007	2017	VRIM
1792	45	2015	2021	VDL
1793	76	2015	2021	VL
1794	76	2015	2021	VD
1795	1470	2022	0	VL
1795	76	2015	2021	V
1796	1470	2022	0	VM
1796	76	2015	2021	VM
1797	65	2009	2016	RDL
1798	65	2009	2016	VM
1798	2912	2014	2014	V
1799	229	2014	2019	VRD
1800	229	2015	2021	VD
1801	229	2015	2021	VR
1802	229	2015	2021	VR
1803	229	2014	2021	VM
1804	767	2013	0	
1805	767	2013	0	
1806	81	2016	2020	VRDL
1807	81	2016	2020	V
1808	81	2016	2020	V
1809	81	2016	2020	RD
1810	81	2016	2020	V
1811	81	2016	2018	VDm
1811	305	2017	2018	VDM
1812	152	2015	0	VL
1812	327	2018	0	VDL
1813	152	2015	2017	V
1814	152	2015	0	DM
1814	327	2018	0	VDM
1815	125	2014	2021	VRl
1816	125	2014	0	VRD
1816	295	2018	2018	VD
1817	125	2014	0	VRD
1818	125	2014	0	VRM
1819	125	2014	2017	RDm
1820	193	2009	2017	V
1820	2680	2013	2017	V
1821	193	2009	0	VL
1821	2680	2013	0	V
1822	239	2012	2018	VL
1823	239	2012	2018	VM
1824	239	2012	2018	R
1825	45	2015	2021	VD
1826	45	2015	2021	VRM
1827	718	2014	0	
1828	718	2014	0	
1829	718	2014	0	
1830	718	2014	0	
1831	905	2014	0	
1832	905	2014	0	
1833	905	2014	0	
1834	905	2014	0	
1835	603	2011	2017	
1836	603	2011	2017	
1837	603	2011	2017	
1838	603	2011	2017	
1839	36	2016	0	VL
1840	36	2011	2017	VRD
1841	36	2016	0	V
1842	218	2016	0	VD
1843	218	2016	0	VD
1844	218	2016	0	VR
1844	1025	2021	0	VM
1845	218	2016	0	VRD
1845	686	2020	0	VRDL
1846	218	2016	0	V
1846	1025	2021	0	V
1847	218	2016	0	VRL
1847	1025	2021	0	VR
1848	218	2016	0	VR
1848	686	2020	0	VR
1849	218	2016	0	V
1850	218	2016	0	VD
1851	218	2016	0	VM
1851	94	2016	2017	
1852	47	2012	2017	L
1853	47	2012	2017	VRD
1854	47	2012	2017	VR
1855	233	2016	2017	VL
1857	233	2016	2017	V
1858	233	2016	2017	VRM
1859	56	2014	0	VDL
1860	56	2014	0	VRD
1861	56	2014	0	V
1862	56	2014	0	VRD
1863	267	2016	0	VRL
1864	267	2016	2019	VR
1865	267	2016	0	VD
1866	267	2016	0	V
1867	267	2016	0	VRD
1868	267	2016	0	V
1869	267	2016	0	VDM
1870	177	2014	2021	VL
1871	177	2014	2021	V
1872	177	2014	2021	R
1873	177	2014	2021	VDL
1873	295	2018	2018	VD
1874	177	2014	2021	V
1875	177	2014	2021	RM
1876	23	2011	0	VDL
1877	23	2011	2018	R
1878	23	2011	0	VDM
1879	86	2017	0	
1879	26	2009	2016	VD
1880	86	2017	0	
1880	26	2009	2016	VRM
1881	96	2010	0	
1882	215	2012	0	VDL
1883	215	2012	2020	VR
1883	501	2019	0	
1884	5	2008	0	
1885	667	2014	0	
1886	667	2014	0	
1887	667	2014	0	
1888	667	2014	0	
1889	667	2014	0	
1890	87	2013	2017	
1891	34	2011	2019	VL
1891	1452	2021	0	VL
1892	34	2011	2019	V
1892	1452	2021	0	V
1893	34	2011	2019	VD
1893	1452	2021	0	VD
1894	34	2011	2019	RD
1894	1452	2021	0	RD
1895	48	2012	0	V
1896	48	2012	2017	VRD
1897	48	2012	0	VL
1898	48	2012	2018	V
1899	48	2012	2019	VRD
1900	48	2012	2019	Vm
1901	117	2014	2016	VRDM
1902	280	2016	0	
1903	742	2016	0	
1904	742	2016	0	
1905	742	2016	0	
1906	742	2016	0	
1907	742	2016	0	
1908	168	2009	2018	VM
1909	233	2016	2017	V
1910	316	2016	0	VRD
1911	316	2016	0	VRD
1912	316	2016	0	VRL
1913	56	2017	0	V
1914	56	2017	0	VRM
1915	156	2016	2019	VRDL
1915	94	2016	2017	
1915	297	2018	2019	VRDL
1916	535	2019	2020	
1917	535	2019	2020	
1918	535	2019	2020	
1919	156	2016	2019	VD
1919	94	2016	2017	
1919	297	2018	2019	VD
1920	156	2016	2019	VD
1921	156	2016	2019	V
1922	156	2016	2019	VRM
1923	83	2012	2019	VL
1924	83	2012	2019	V
1925	83	2012	2019	VRD
1926	83	2012	2019	V
1927	83	2012	2019	VRD
1928	55	2015	0	VD
1929	55	2015	0	VRDL
1930	55	2015	2018	RD
1931	55	2015	0	VR
1931	94	2016	2017	
1932	55	2015	0	VRDM
1933	714	2016	0	VRD
1933	148	2016	0	VRD
1933	150	2020	0	VRD
1934	714	2016	0	VRD
1934	148	2016	0	VRD
1934	150	2020	0	VD
1935	714	2017	0	VRD
1935	148	2016	0	VD
1935	150	2018	0	VRDl
1935	1016	2019	0	VRD
1936	714	2016	0	VD
1936	149	2016	0	V
1936	148	2016	0	VDM
1936	150	2019	0	VD
1937	714	2016	0	VD
1937	149	2016	0	VD
1937	150	2020	0	VD
1938	714	2016	0	VRD
1938	149	2016	0	VRD
1938	150	2020	0	RD
1939	714	2016	0	VRD
1939	149	2016	0	VRD
1939	150	2020	0	RD
1940	714	2016	0	V
1940	149	2016	0	V
1940	150	2020	0	V
1941	714	2016	0	VRDM
1941	149	2016	0	VRDM
1941	150	2020	0	VRDM
1942	210	2008	0	VL
1943	210	2008	0	V
1944	210	2008	2019	VR
1945	210	2008	0	VM
1946	140	2009	2017	VDL
1947	140	2009	2017	V
1948	140	2009	2017	VRM
1949	140	2009	2014	VD
1950	140	2009	2014	VRD
1951	202	2010	0	RL
1952	202	2010	0	V
1953	202	2010	2017	VR
1954	202	2010	0	V
1955	202	2010	0	VD
1956	202	2010	0	VDM
1957	224	2010	2017	V
1958	224	2010	2017	VL
1959	224	2010	2017	VR
1960	224	2010	2017	VR
1961	146	2011	0	VL
1962	146	2011	0	V
1963	146	2011	0	VRD
1964	146	2011	0	VR
1965	146	2011	0	VM
1966	94	2016	2017	
1967	271	2017	0	VD
1967	94	2016	2017	
1968	95	2015	0	VDL
1969	95	2015	0	V
1970	95	2015	0	V
1971	95	2015	0	VM
1972	1958	2010	0	
1973	54	2015	0	VIL
1974	54	2015	2016	VI
1975	46	2009	0	VRIM
1976	67	2007	2019	Il
1977	67	2007	0	VI
1978	67	2007	2019	VRI
1979	67	2007	0	VIM
1980	341	2015	0	
1981	341	2015	0	
1982	270	2016	0	
1983	270	2016	0	
1984	270	2016	0	
1985	270	2016	0	
1986	270	2016	0	
1987	270	2016	0	
1988	270	2016	0	
1989	229	2016	2021	VRD
1990	51	2011	2017	VRDL
1991	51	2011	2017	VR
1992	51	2011	2017	VD
1992	295	2018	2018	VRDL
1993	51	2011	2015	VD
1994	51	2011	2012	VRDl
1995	340	2015	2018	V
1996	340	2015	2018	VL
1997	162	2009	2016	VDL
1997	163	2014	2016	VDL
1998	162	2009	2016	RD
1998	163	2014	2016	RD
1999	162	2009	2016	V
1999	163	2014	2016	V
1999	164	2012	2016	VL
2000	162	2009	2016	VR
2001	162	2009	2016	V
2001	164	2012	2016	V
2002	162	2009	2016	VM
2002	163	2014	2016	VM
2002	164	2012	2016	VM
2003	322	2014	0	
2004	322	2014	0	
2005	322	2014	0	
2006	322	2014	0	
2007	322	2014	0	
2008	234	2012	2018	V
2009	184	2012	2017	V
2009	753	2012	2017	V
2010	295	2018	2018	V
2010	184	2012	2017	VD
2010	753	2012	2017	VD
2011	186	2011	2017	V
2012	186	2011	2018	VD
2013	186	2011	2018	V
2014	186	2011	2017	RDM
2015	209	2012	2017	V
2016	209	2012	2017	V
2017	209	2012	2017	RM
2018	1	2012	2021	
2019	1	2012	2021	
2020	2	2012	0	
2021	35	2013	2018	VL
2022	35	2013	2018	RD
2023	35	2013	2018	VDM
2024	151	2012	2022	VRDL
2024	302	2017	2022	VRDL
2025	151	2012	2022	V
2025	302	2017	2022	V
2026	151	2012	2022	VM
2026	302	2017	2022	VM
2027	395	2014	2021	
2028	395	2014	2021	
2029	395	2014	2021	
2030	487	2019	0	VRD
2030	265	2017	2019	RD
2031	487	2019	0	VDM
2031	265	2017	2019	VRD
2032	265	2017	2019	RM
2032	562	2019	2019	RM
2033	55	2017	0	V
2034	55	2017	2022	VRDm
2035	267	2016	2019	VRD
2036	464	2017	0	
2037	464	2017	0	
2038	464	2017	0	
2039	464	2017	0	
2040	464	2017	0	
2041	464	2017	0	
2042	332	2017	0	
2043	332	2017	0	
2044	332	2017	0	
2045	271	2017	0	VL
2046	271	2017	0	VR
2047	271	2017	0	VRD
2048	316	2016	0	VD
2049	316	2016	0	VRD
2050	252	2017	2021	VR
2050	2579	2022	0	VR
2051	252	2017	2021	VD
2051	2579	2022	0	VD
2052	252	2017	2021	VRM
2052	2579	2022	0	VRM
2053	913	2017	2019	
2054	913	2017	2019	
2055	913	2017	2019	
2056	862	2017	0	
2057	862	2017	0	
2058	862	2017	0	
2059	720	2017	0	VDL
2060	720	2017	0	VD
2061	720	2017	0	VM
2061	1392	2021	0	VD
2062	720	2017	2017	VRDm
2063	319	2017	0	
2064	319	2017	0	
2065	319	2017	0	
2066	319	2017	0	
2067	319	2017	0	
2068	319	2017	0	
2069	319	2017	0	
2070	319	2017	0	
2071	213	2015	0	VDL
2072	213	2015	0	VR
2073	213	2015	0	V
2074	213	2015	0	RD
2075	213	2015	0	V
2076	213	2015	0	VD
2077	213	2015	0	VDM
2078	745	2020	0	V
2079	745	2020	0	VD
2080	593	2020	0	VL
2081	593	2020	0	V
2082	291	2016	0	VL
2083	291	2016	2020	RM
2084	843	2020	0	
2085	769	2017	0	
2086	769	2017	0	
2087	769	2017	0	
2088	769	2017	0	
2089	769	2017	0	
2090	769	2017	0	
2091	824	2013	0	
2092	824	2013	0	
2093	824	2013	0	
2094	824	2013	0	
2095	414	2018	0	VRM
2095	274	2017	2018	R
2096	824	2013	0	
2097	824	2013	0	
2098	824	2013	0	
2099	824	2013	0	
2100	824	2013	0	
2101	824	2013	0	
2102	824	2013	0	
2103	824	2013	0	
2104	274	2017	2018	VD
2104	414	2018	0	VD
2105	274	2017	2018	V
2106	272	2017	2018	
2107	272	2017	2018	
2108	893	2019	2021	
2109	272	2017	2018	
2110	1958	2010	0	
2111	679	2020	2021	
2112	740	2018	2020	
2113	679	2020	2021	
2114	740	2018	2020	
2115	679	2020	2021	
2116	316	2016	0	VRD
2117	316	2016	0	VR
2118	316	2016	0	VRD
2119	279	2018	0	VRDL
2120	279	2018	0	V
2121	279	2018	0	VD
2122	279	2018	0	VR
2123	279	2018	0	VRD
2124	279	2018	0	VM
2125	246	2015	0	V
2126	246	2015	0	VRL
2127	246	2015	0	VD
2128	246	2015	0	VRM
2129	564	2018	0	VDL
2129	565	2019	0	VML
2130	564	2018	0	V
2131	564	2018	0	RD
2131	565	2019	0	RD
2132	564	2018	2020	RD
2133	826	2016	0	
2134	826	2016	0	
2135	826	2016	0	
2136	826	2016	0	
2137	709	2020	0	
2138	509	2016	0	
2139	509	2016	0	
2140	509	2016	0	
2141	509	2016	0	
2142	286	2018	2018	VDm
2143	286	2018	0	V
2144	714	2018	0	VD
2144	148	2016	0	VD
2144	150	2018	0	VD
2145	714	2018	0	VR
2145	150	2018	0	R
2145	1016	2019	0	RD
2145	526	2019	0	R
2146	283	2017	0	
2147	288	2017	0	VRDL
2148	288	2017	0	VRD
2149	288	2017	0	VR
2150	288	2017	0	VR
2151	288	2017	0	VRD
2152	288	2017	0	VM
2153	316	2016	0	VRD
2154	295	2018	2018	V
2155	740	2018	2020	
2156	740	2018	2020	
2157	245	2015	0	VRD
2158	245	2015	0	VD
2159	245	2015	0	V
2160	245	2015	0	V
2161	513	2017	0	
2162	513	2017	0	
2163	586	2019	0	
2164	586	2019	0	
2165	586	2019	0	
2166	586	2019	0	
2167	586	2019	0	
2168	454	2019	0	VR
2169	454	2019	0	V
2170	454	2019	0	VR
2171	454	2019	0	V
2172	454	2019	0	VD
2173	330	2018	0	VRD
2174	330	2018	0	VRD
2175	330	2018	0	VL
2176	330	2018	0	VR
2177	330	2018	0	VRD
2178	330	2018	0	VD
2179	380	2018	0	
2180	380	2018	0	
2181	380	2018	0	
2182	380	2018	0	
2183	380	2018	0	
2184	380	2018	0	
2185	380	2018	0	
2186	380	2018	0	
2187	337	2018	2021	V
2188	337	2018	2021	RD
2189	459	2018	0	
2190	459	2018	0	
2191	459	2018	0	
2192	459	2018	0	
2193	459	2018	0	
2194	459	2018	0	
2195	455	2019	0	
2196	852	2020	0	
2197	455	2019	0	
2198	455	2019	0	
2199	455	2019	0	
2200	455	2019	0	
2201	667	2014	0	
2202	293	2015	0	VL
2203	293	2015	0	VD
2204	293	2015	0	VRD
2205	293	2015	0	R
2206	600	2019	0	
2207	600	2019	0	
2208	600	2019	0	
2209	600	2019	0	
2210	460	2019	0	V
2211	460	2019	0	VR
2212	460	2019	0	D
2213	465	2019	0	L
2214	465	2019	0	
2215	465	2019	0	
2216	465	2019	0	
2217	465	2019	0	M
2218	685	2020	0	
2219	685	2020	0	
2220	1163	2021	0	
2221	478	2019	2020	
2222	478	2019	2020	
2223	875	2021	0	
2224	553	2018	0	VDL
2225	553	2018	0	VRD
2226	553	2018	0	V
2227	553	2018	0	VRM
2228	553	2018	2019	VRD
2229	553	2018	2019	VRm
2230	457	2017	0	VRD
2231	457	2017	0	V
2232	457	2017	0	VM
2233	740	2018	2020	
2234	567	2019	0	
2235	567	2019	0	
2236	1164	2021	0	
2237	1164	2021	0	
2238	567	2019	0	
2239	315	2016	0	
2240	315	2016	0	
2241	315	2016	0	
2242	315	2016	0	
2243	418	2017	2019	
2244	418	2017	2019	
2245	418	2017	2019	
2246	418	2017	2019	
2247	418	2017	2019	
2248	418	2017	2019	
2249	418	2017	2019	
2250	418	2017	2019	
2251	418	2017	2019	
2252	418	2017	2019	
2253	418	2017	2019	
2254	418	2017	2019	
2255	418	2017	2019	
2256	560	2019	0	
2257	560	2019	0	
2258	560	2019	0	
2259	560	2019	0	
2260	610	2020	0	
2261	610	2020	0	
2262	1958	2010	0	
2263	610	2020	0	
2264	610	2020	0	
2265	610	2020	0	
2266	610	2020	0	
2267	610	2020	0	
2268	385	2017	0	
2269	385	2017	0	
2270	762	2018	2020	
2271	1164	2021	0	
2272	762	2018	2020	
2273	762	2018	2020	
2274	827	2017	0	
2275	827	2017	0	
2276	827	2017	0	
2277	482	2019	0	VRL
2278	482	2019	0	V
2279	482	2019	0	VD
2280	482	2019	0	VRDM
2281	582	2019	2021	
2282	582	2019	2021	
2283	582	2019	2021	
2284	869	2019	0	
2285	869	2019	0	
2286	869	2019	0	
2287	869	2019	0	
2288	869	2019	0	
2289	869	2019	0	
2290	514	2019	0	LR
2291	514	2019	0	
2292	487	2019	0	VD
2293	313	2016	0	R
2294	313	2016	0	
2295	313	2016	0	
2296	323	2017	0	VRD
2297	323	2017	0	V
2298	323	2017	0	V
2299	323	2017	0	VRD
2300	323	2017	0	VML
2301	323	2017	2019	Rm
2302	915	2019	0	
2303	915	2019	0	
2304	915	2019	0	
2305	915	2019	0	
2306	1186	2019	0	L
2307	1186	2019	0	
2308	1186	2019	0	
2309	212	2014	0	VRL
2310	212	2014	0	VL
2311	212	2014	0	V
2312	212	2014	0	VRDM
2313	877	2021	0	
2314	616	2020	0	
2315	709	2020	0	
2316	517	2019	0	
2317	517	2019	0	
2318	517	2019	0	
2319	664	2019	2022	
2320	664	2019	0	
2321	664	2019	0	
2322	664	2019	0	
2323	664	2019	0	
2324	1164	2021	0	
2325	893	2019	2021	
2326	893	2019	2021	
2327	524	2018	0	
2328	524	2018	0	
2329	524	2018	0	
2330	524	2018	0	
2331	524	2018	0	
2332	573	2019	0	
2333	573	2019	0	
2334	866	2021	0	
2335	620	2019	0	
2336	620	2019	0	
2337	380	2018	0	
2338	721	2019	0	
2339	721	2019	0	
2340	525	2019	0	V
2341	525	2019	0	VRDM
2342	538	2019	0	
2343	538	2019	0	
2344	538	2019	0	
2345	538	2019	0	
2346	538	2019	0	
2347	593	2020	0	VR
2348	535	2019	2020	
2349	602	2019	2021	
2350	1098	2020	0	
2351	1098	2020	0	
2352	1098	2020	0	
2353	1098	2020	0	
2354	1098	2020	0	
2355	537	2019	0	
2356	537	2019	0	
2357	537	2019	0	
2358	537	2019	0	
2359	537	2019	0	
2360	537	2019	0	
2361	552	2020	0	
2362	552	2020	0	
2363	552	2020	0	
2364	552	2020	0	
2365	604	2020	0	
2366	604	2020	0	
2367	604	2020	0	
2368	683	2020	0	
2369	1958	2010	0	
2370	616	2020	0	
2371	616	2020	0	
2372	616	2020	0	
2373	616	2020	0	
2374	616	2020	0	
2375	615	2020	2021	
2376	615	2020	2021	
2377	615	2020	2021	
2378	615	2020	2021	
2379	615	2020	2021	
2380	615	2020	2021	
2381	615	2020	2021	
2382	870	2018	0	
2383	630	2020	0	V
2384	630	2020	0	V
2385	630	2020	2020	Rm
2386	629	2020	0	VL
2387	629	2020	0	VD
2388	629	2020	0	VD
2389	629	2020	2022	Vm
2390	643	2020	0	VD
2391	643	2020	0	VD
2392	643	2020	0	R
2393	643	2020	0	V
2394	643	2020	0	RM
2395	685	2020	0	
2396	703	2020	0	
2397	703	2020	0	
2398	703	2020	0	
2399	703	2020	0	
2400	703	2020	0	
2401	703	2020	0	
2402	703	2020	0	
2403	503	2018	0	
2404	1282	2020	0	
2405	1282	2020	0	
2406	610	2020	0	
2407	694	2020	0	
2408	694	2020	0	
2409	694	2020	0	
2410	694	2020	0	
2411	1958	2010	0	
2412	683	2020	0	
2413	683	2020	0	
2414	683	2020	0	
2415	683	2020	0	
2416	695	2020	0	
2417	695	2020	0	
2418	695	2020	0	
2419	695	2020	0	
2420	695	2020	0	
2421	713	2020	0	
2422	713	2020	0	
2423	713	2020	0	
2424	713	2020	0	
2425	713	2020	0	
2426	695	2020	0	
2427	594	2020	0	
2428	594	2020	0	
2429	594	2020	0	
2430	594	2020	0	
2431	594	2020	0	
2432	594	2020	0	
2433	594	2020	0	
2434	766	2020	0	
2435	678	2020	0	
2436	678	2020	0	
2437	678	2020	0	
2438	678	2020	0	
2439	678	2020	0	
2440	674	2020	0	
2441	674	2020	0	
2442	684	2020	2021	
2443	684	2020	2021	
2444	684	2020	2021	
2445	684	2020	2021	
2446	707	2020	0	VRDL
2446	1451	2022	0	VR
2447	707	2020	0	VD
2447	1451	2022	0	VM
2448	707	2020	0	VM
2449	708	2020	0	
2450	708	2020	0	
2451	708	2020	0	
2452	704	2020	0	V
2453	704	2020	0	V
2454	709	2020	0	
2455	709	2020	0	
2456	709	2020	0	
2457	709	2020	0	
2458	714	2020	0	RD
2458	150	2020	0	VRD
2459	714	2020	0	R
2459	150	2020	0	R
2460	842	2020	0	VDL
2461	842	2020	0	V
2462	842	2020	0	VD
2463	842	2020	0	VRD
2464	842	2020	0	VDM
2465	693	2020	0	
2466	693	2020	0	
2467	693	2020	0	
2468	693	2020	0	
2469	852	2020	0	
2470	852	2020	0	
2471	843	2020	0	
2472	843	2020	0	
2473	843	2020	0	
2474	173	1998	0	VRD
2475	173	1998	0	RM
2476	1130	2021	0	
2477	1130	2021	0	
2478	866	2021	0	
2479	866	2021	0	
2480	866	2021	0	
2481	866	2021	0	
2482	875	2021	0	
2483	875	2021	0	
2484	877	2021	0	
2485	877	2021	0	
2486	877	2021	0	
2487	877	2021	0	
2488	920	2021	0	
2489	920	2021	0	
2490	920	2021	0	
2491	920	2021	0	
2492	920	2021	0	
2493	988	2021	2022	VRD
2494	988	2021	2022	VRD
2495	988	2021	2022	VR
2496	988	2021	2022	V
2497	988	2021	2022	RDM
2498	524	2018	0	
2499	524	2018	0	
2500	973	2012	2015	
2501	973	2012	2015	
2502	1164	2021	0	
2503	1163	2021	0	
2504	1163	2021	0	
2505	1308	2021	0	DL
2506	1308	2021	0	RD
2507	1308	2021	0	D
2508	1290	2019	0	
2509	1290	2019	0	
2510	1377	2021	0	
2511	1377	2021	0	
2512	1377	2021	0	
2513	1391	2021	0	VR
2514	1391	2021	0	V
2515	1391	2021	0	VD
2516	1391	2021	0	VM
2517	1123	2021	0	
2518	1123	2021	0	
2519	1123	2021	0	
2520	1123	2021	0	
2521	1123	2021	0	
2522	1123	2021	0	
2523	1123	2021	0	
2524	1123	2021	0	
2525	692	2020	0	
2525	243	2019	2020	VDL
2525	186	2017	2018	VM
2526	692	2020	0	
2527	692	2020	0	
2528	1279	2021	0	
2529	1279	2021	0	
2530	1279	2021	0	
2531	1279	2021	0	
2532	1279	2021	0	
2533	1494	2022	0	
2534	1494	2022	0	
2535	1434	2021	0	L
2536	1434	2021	0	
2537	1434	2021	0	
2538	1434	2021	0	
2539	1434	2021	0	
2540	1454	2022	0	
2541	1454	2022	0	
2542	1454	2022	0	
2543	1507	2022	0	
2544	1507	2022	0	
2545	1507	2022	0	
2546	1507	2022	0	
2547	1687	2022	0	V
2548	1687	2022	0	V
2549	1687	2022	0	VL
2550	1687	2022	0	RM
2551	1494	2022	0	
2552	1494	2022	0	
2553	23	2011	2018	Vl
2554	30	2012	2019	LVRD
2555	30	2012	2019	V
2556	30	2012	2019	VR
2557	30	2012	2019	VRM
2558	30	2012	2019	RD
2559	31	2016	0	VL
2561	2560	2012	0	
2562	756	2020	0	VM
2563	756	2020	0	V
2564	1762	2003	0	VI
2565	1762	2003	0	VI
2567	2566	2020	0	V
2568	2566	2020	0	V
2569	2566	2020	0	V
2570	2566	2020	2020	V
2571	34	2011	2019	RDM
2571	1452	2021	0	RDM
2572	36	2016	0	RDV
2573	36	2016	0	VDRM
2574	36	2011	2016	VDl
2575	36	2011	2016	DV
2576	36	2011	2016	V
2577	36	2011	2017	RDVm
2578	36	2011	2018	Vm
2580	2579	2022	0	VR
2580	252	2017	2021	VR
2581	2579	2022	0	VRDL
2582	252	2017	2021	VD
2582	2579	2022	0	VD
2586	632	2011	2017	RL
2592	35	2013	2018	RD
2593	35	2013	2018	V
2594	632	2011	2017	VR
2596	288	2017	0	VRD
2597	288	2017	0	V
2598	704	2020	0	LVR
2599	704	2020	0	V
2600	704	2020	0	V
2601	704	2020	0	MVR
2602	51	2011	2015	R
2603	460	2019	0	VDL
2604	460	2019	0	VRDM
2605	279	2018	0	VD
2606	279	2018	0	VRD
2607	279	2018	0	V
2608	77	2010	2019	LV
2609	77	2010	2019	RDV
2610	77	2010	2010	VR
2611	77	2010	2010	V
2612	77	2010	2012	DR
2614	147	2014	2014	VL
2615	26	2009	0	
2615	205	2011	2014	VD
2616	45	2015	2021	R
2617	45	2015	2021	VRD
2617	1434	2021	0	L
2620	2619	2006	0	RM
2621	2619	2006	0	RL
2622	47	2012	2017	VM
2623	47	2012	2017	V
2624	81	2016	2020	VRDM
2624	309	2018	2020	VRDM
2624	305	2017	2018	VRDL
2624	94	2016	2017	
2625	81	2016	2020	VR
2625	309	2018	2020	VRL
2626	83	2012	2019	VM
2627	94	2016	2017	
2628	125	2014	0	VL
2629	152	2015	0	RD
2630	152	2015	0	VD
2631	152	2015	0	V
2631	327	2018	0	V
2632	156	2016	2019	V
2632	297	2018	2019	V
2633	156	2016	2019	V
2634	156	2016	2019	V
2634	297	2018	2019	V
2635	156	2016	2019	RDV
2635	297	2018	2019	VR
2635	535	2019	2020	VR
2636	156	2016	2019	VDR
2637	1687	2022	0	VD
2638	1687	2022	0	V
2639	988	2021	2022	VRD
2640	988	2021	2022	VL
2641	55	2015	2019	VR
2642	162	2009	2016	VR
2643	168	2009	2018	VRD
2644	842	2020	0	V
2645	842	2020	0	V
2646	2647	2020	0	VR
2646	2648	2022	0	V
2649	40	2013	0	VD
2651	107	2012	0	VRDML
2651	80	2014	0	V
2652	184	2012	2017	VL
2652	717	2020	0	VRL
2653	184	2012	2017	VR
2653	753	2012	2017	VRL
2656	214	2009	0	VM
2657	214	2009	0	V
2658	553	2018	0	VR
2659	553	2018	0	RD
2660	630	2020	0	VDL
2661	630	2020	0	RD
2662	630	2020	0	VDM
2663	1308	2021	0	RD
2664	1308	2021	0	VR
2665	1308	2021	0	V
2666	1308	2021	0	VD
2667	1308	2021	0	MDV
2668	707	2020	0	VR
2669	188	2007	2018	VL
2669	2670	2015	0	V
2673	282	2015	0	VDL
2674	282	2015	0	RD
2675	282	2015	0	
2676	282	2015	0	M
2677	193	2009	2017	V
2677	2680	2013	2017	V
2678	193	2009	2013	VR
2678	195	2013	2013	VR
2679	193	2009	2012	VR
2681	714	2016	0	V
2681	148	2016	0	V
2681	150	2016	0	V
2682	714	2018	0	V
2682	150	2020	0	V
2682	1016	2019	0	V
2682	2844	2021	2021	V
2683	714	2018	0	RD
2683	150	2020	0	VRD
2683	1016	2019	0	RDM
2683	2843	2021	2021	VRM
2684	714	2018	0	VR
2684	150	2020	0	V
2684	1016	2019	0	VRL
2684	2844	2021	2021	VRL
2685	714	2018	0	VRD
2685	150	2020	0	RD
2685	1016	2019	0	RD
2686	316	2016	0	VR
2687	316	2016	0	VR
2688	316	2016	0	VRM
2689	151	2012	2022	VRD
2689	302	2017	2022	VRD
2690	482	2019	0	V
2691	1023	2017	0	
2691	525	2019	0	VRDL
2692	1434	2021	0	
2693	1434	2021	0	
2694	1434	2021	0	
2695	593	2020	0	V
2696	593	2020	0	V
2697	593	2020	0	DV
2698	593	2020	0	RM
2699	375	1997	2002	LVD
2700	375	1997	2002	VR
2701	375	1997	2002	RDMV
2704	337	2018	2021	R
2704	2703	2022	0	R
2705	337	2018	2021	VRD
2706	337	2018	2021	VD
2706	2703	2022	0	L
2707	337	2018	2021	R
2708	2703	2022	0	
2709	2703	2022	0	
2710	2703	2022	2022	M
2711	2703	2022	0	
2712	1307	2021	0	L
2713	1307	2021	0	
2714	1307	2021	0	
2715	1307	2021	0	
2716	1307	2021	0	
2717	1307	2021	0	
2718	629	2020	0	VR
2719	629	2021	0	V
2720	629	2021	0	DM
2721	271	2017	0	V
2722	271	2017	0	RDV
2723	271	2017	0	DVR
2724	271	2017	0	DRVM
2725	457	2017	0	LRV
2726	457	2017	0	VR
2727	457	2017	0	DV
2729	2728	2022	0	LD
2730	2728	2022	0	
2731	2728	2022	0	V
2732	2728	2022	0	
2733	2728	2022	0	
2734	2728	2022	0	
2735	2728	2022	0	M
2736	203	2015	2016	VD
2736	295	2018	2018	VRDM
2737	323	2017	0	VR
2738	186	2017	2018	V
2739	203	2015	2016	LDV
2739	725	2018	2020	VD
2741	203	2015	2016	V
2742	203	2015	2016	RVM
2743	330	2018	0	VM
2744	339	2014	2016	LVD
2744	188	2019	0	VRM
2745	339	2014	2016	DV
2746	339	2014	2016	VRM
2747	188	2007	0	VL
2748	188	2010	0	VRD
2749	188	2019	0	V
2750	188	2011	2018	VRD
2751	229	2014	2015	VRD
2752	218	2016	0	VRD
2752	1025	2021	0	VRD
2753	218	2016	0	V
2753	686	2020	0	V
2754	218	2016	0	
2755	218	2016	0	V
2755	686	2020	0	VRM
2756	340	2015	2018	VD
2757	340	2015	2018	VM
2758	340	2015	2018	RD
2759	2760	2018	0	VI
2761	2760	2018	0	I
2762	2760	2018	0	I
2763	2764	2014	0	
2766	397	2004	0	
2766	2767	2011	0	I
2767	2768	2016	0	V
2770	564	2018	0	VM
2771	765	2020	0	I
2772	765	2020	0	I
2773	765	2020	0	I
2774	765	2020	0	V
2775	765	2020	0	IM
2776	46	2009	0	VI
2777	46	2009	2019	VI
2780	52	2010	2014	RL
2781	52	2010	2014	R
2782	52	2010	2014	VR
2783	52	2010	2014	V
2784	52	2010	2014	V
2785	52	2010	2014	VM
2786	479	2018	0	VR
2787	479	2018	0	VD
2788	479	2018	0	V
2789	479	2018	0	V
2790	479	2018	2019	VRl
2791	479	2018	2021	V
2792	2779	2022	0	VL
2793	2779	2022	0	R
2794	2779	2022	0	VR
2795	2779	2022	0	VRD
2796	2779	2022	0	R
2797	2779	2022	0	VDM
2798	92	2014	0	VIML
2799	92	2014	0	I
2800	92	2014	0	I
2801	92	2014	0	I
2802	95	2015	0	VD
2804	890	2018	0	V
2805	890	2018	0	V
2806	890	2018	0	VD
2807	890	2018	2018	V
2808	108	2014	0	RL
2809	108	2014	0	V
2810	108	2014	0	V
2811	108	2014	0	V
2812	108	2014	0	VRM
2813	108	2014	0	VR
2814	131	2002	0	V
2816	2817	2021	2021	
2818	2817	2021	2021	
2820	2821	2021	2021	L
2820	2822	2020	2020	L
2824	2823	2022	0	L
2825	478	2019	0	
2825	2823	2022	0	
2826	582	2019	0	
2826	2823	2022	0	
2827	2823	2022	0	
2828	2823	2022	0	
2829	2823	2022	0	
2830	2823	2022	0	
2831	2823	2022	0	
2832	2823	2022	0	M
2833	173	1998	0	RL
2834	173	1998	0	VD
2835	183	2012	2016	VRDL
2836	183	2012	2016	V
2837	183	2012	2016	V
2838	183	2012	2016	V
2839	183	2012	2016	VR
2840	183	2012	2016	V
2841	183	2012	2016	VRDM
2842	349	2004	0	
2845	725	2018	2020	VRDM
2845	203	2015	2016	R
2846	1280	2019	0	V
2846	1112	2010	2010	
2848	934	1996	2001	VRDL
2849	934	1996	2001	VRD
2850	934	1996	2001	VR
2851	934	1996	2001	VRM
2852	210	2014	2018	VRm
2853	210	2008	2017	VD
2854	210	2011	2016	VR
2855	210	2008	2013	VRm
2856	210	2008	2011	V
2857	210	2008	2011	VR
2859	2858	2022	0	
2860	2858	2022	0	
2861	2858	2022	0	
2862	2858	2022	0	
2862	2868	2018	2018	
2863	2858	2022	0	
2864	2858	2022	0	
2865	2858	2022	0	M
2866	2868	2018	2018	
2867	2868	2018	2018	
2869	185	2005	2010	VRD
2870	185	2005	2010	VR
2870	326	2016	0	R
2871	209	2012	2017	VL
2872	213	0	0	V
2873	230	2001	0	I
2874	230	2001	0	I
2875	230	2001	0	VI
2876	230	2001	0	VIM
2877	224	2010	2017	VRD
2878	224	2010	2015	VRD
2879	233	2016	2017	V
2882	243	2015	2020	V
2882	244	2017	2017	V
2883	243	2019	2020	VD
2884	243	2019	2020	VR
2885	243	2018	2020	V
2886	243	2017	2019	VDl
2886	244	2017	2017	VDL
2887	243	2015	2019	VD
2887	244	2017	2017	VD
2888	243	2017	2018	RD
2888	244	2017	2017	RD
2889	243	2017	2018	V
2889	244	2017	2017	V
2890	243	2015	2017	Rl
2890	244	2017	2017	R
2891	243	2011	2014	Dl
2891	244	2017	2017	Dl
2892	243	2011	2012	D
2893	243	2011	2016	VRl
2894	243	2011	2017	Vl
2895	243	2011	2016	VRDl
2896	243	2011	2016	VD
2897	243	2011	2016	VDm
2899	2898	2016	0	VDL
2900	2898	2016	0	VD
2901	2898	2016	0	RM
2902	643	2020	0	RDL
2903	643	2020	2022	V
2910	2911	2017	2017	V
2914	364	1998	0	
2916	234	2012	2018	VL
2917	234	2012	2018	VR
2918	234	2012	2018	VRDM
2919	234	2012	2014	Vl
2920	234	2012	2017	V
2921	234	2012	2013	VRm
2922	236	2013	0	VI
2923	236	2013	2017	I
2924	239	2012	2018	V
2925	245	2015	0	VRDL
2926	245	2015	0	V
2927	245	2015	0	VRDM
2928	1531	1999	0	I
2929	1531	1999	0	I
2931	1531	1999	0	I
2932	246	2015	0	V
2933	246	2015	0	V
2934	267	2016	2019	V
2935	293	2015	0	VD
2936	293	2015	0	VR
2937	293	2015	0	VM
2938	293	2015	2016	VRD
2939	293	2015	2016	VR
2940	293	2015	2017	V
2941	487	2019	0	V
2941	320	2017	0	
2942	487	2019	2020	VRL
2942	320	2017	2020	
2943	454	2019	0	VM
2944	360	2012	0	VL
2945	360	2016	0	VRM
2946	360	2005	2009	V
2947	360	2010	2012	V
2948	360	2005	2011	l
2949	360	2005	2013	Vl
2950	257	2011	2013	I
2951	257	2011	2013	I
2952	266	1997	0	RD
2953	266	1997	0	RD
2954	266	1997	0	VM
2955	266	1997	1998	V
2956	266	1997	2000	V
2957	1321	2011	2015	VRDL
2958	1321	2011	2015	VRM
2959	1321	2011	2015	VR
2960	1321	2011	2013	VR
2961	1391	2021	0	VD
2962	1391	2021	0	RD
2963	1391	2021	0	RD
2964	1392	2021	0	VRDM
2965	720	2017	0	V
2966	720	2017	0	V
2967	270	2016	0	
2968	270	2016	0	
2969	331	2013	0	R
2970	321	1999	0	VR
2971	1186	2019	0	M
2972	272	2017	2018	
2973	272	2017	2018	
2975	2974	2022	0	L
2977	2976	2021	2021	L
2978	2976	2021	2021	
2979	2976	2021	2021	V
2980	2976	2021	2021	
2981	2976	2021	2021	M
2982	286	2018	0	VDL
2983	286	2019	0	V
2984	286	2019	0	VM
2985	286	2019	2020	VRDm
2986	865	2019	0	VRD
2987	865	2019	0	VD
2988	865	2019	0	VRDM
